FILE_NAME,DEPTH,ARROW,CPL_NUM,DEPTH_CORRECTED,DEQ,DEQ,FA_GAS,FA_GAS,FA_INCONCL,FA_INCONCLUSIVE,FA_OIL,FA_OIL,FA_STATUS,FA_WATER,FA_WATER,FLUID_IDENTIFIER,FLU_SYMB,FP,GAUGE_TYPE,HW,MARKER,MOB,MOB,OWNER,POT,PRESSURE,PT_NUM,PT_STATUS,REMARKS,RES_NAME,RUN,RUN_NUMBER,SEA,SEA,START_TIME,STATUS,TEMPERATURE,TOOL_TYPE,X,Y
"","",ALPHA*4,ALPHA*32,METRES,"",G/C3,"","","","","","","","","","",ALPHA*4,"","","",DEGC,"","","",METRES,"",ALPHA*8,"","","","","",PSI,METRES,"","","","","",""
Press_Iqual_multiwell,2041.42,CH,,-999.25,-999.25,-999.25,-999.25,-999.25,-999.25,-999.25,-999.25,-999.25,,-999.25,-999.25,,,-999.25,QG-C,-999.25,no LAYER defined,-999.25,-999.25,,-999.25,-999.25,,TIGHT,,no RESERVOIR defined,34,1,1591.666,1591.658,36219,TIGHT,94.3889,MDT,538993.8,9882021
Press_Iqual_multiwell,2042.03,CH,FA-1,-999.25,0.993503,0.993812,1,1,-999.25,-999.25,-999.25,-999.25,GAS,-999.25,-999.25,GAS,WGSU,2265.2,QG-C,-10.3438,no LAYER defined,3958.3,3958.3,,-9.85167,2265.2,,GOOD,OFA,no RESERVOIR defined,33,1,1592.123,1592.115,36219,GOOD,93.2778,MDT,538993.8,9882021
Press_Iqual_multiwell,2112.5,CH,,-999.25,0.984192,0.984503,-999.25,-999.25,-999.25,-999.25,-999.25,-999.25,,-999.25,-999.25,,,2317.87,QG-C,-26.001,no LAYER defined,1123,1123,,-25.4889,2317.87,,GOOD,,no RESERVOIR defined,32,1,1644.8,1644.783,36219,GOOD,96,MDT,538992.7,9881974
Press_Iqual_multiwell,2254,CH,,-999.25,0.991706,0.992033,-999.25,-999.25,-999.25,-999.25,-999.25,-999.25,,-999.25,-999.25,,,2484.97,QG-C,-14.5207,no LAYER defined,3452.7,3452.7,,-13.9484,2484.97,,GOOD,,no RESERVOIR defined,31,1,1750.766,1750.725,36219,GOOD,98.8889,MDT,538990.2,9881880
Press_Iqual_multiwell,2265.3,CH,FA-2,-999.25,0.988469,0.988813,1,1,-999.25,-999.25,-999.25,-999.25,GAS,-999.25,-999.25,GAS,WGSU,2488.95,QG-C,-20.2874,no LAYER defined,48,48,,-19.68,2488.95,,GOOD,OFA,no RESERVOIR defined,1,1,1759.33,1759.255,36219,GOOD,90.4444,MDT,538990,9881873
Press_Iqual_multiwell,2272.02,CH,FA-3,-999.25,0.986735,0.987071,-999.25,-999.25,-999.25,-999.25,1,1,OIL,-999.25,-999.25,OIL,WOI,2491.76,QG-C,-23.4054,no LAYER defined,1311,1311,,-22.8114,2491.76,,GOOD,OFA,no RESERVOIR defined,2,1,1764.423,1764.362,36219,GOOD,92.5,MDT,538989.9,9881868
Press_Iqual_multiwell,2306,CH,FA-4,-999.25,0.990235,0.990554,-999.25,-999.25,-999.25,-999.25,-999.25,-999.25,WATER,1,1,WATER,WWAT,2537.33,QG-C,-17.485,no LAYER defined,991.9,991.9,,-16.913,2537.33,,GOOD,OFA,no RESERVOIR defined,3,1,1790.532,1790.503,36219,GOOD,93.4444,MDT,538989.2,9881847
Press_Iqual_multiwell,2490,CH,,-999.25,0.989133,0.989442,-999.25,-999.25,-999.25,-999.25,-999.25,-999.25,,-999.25,-999.25,,,2740.2,QG-C,-21.0457,no LAYER defined,325.9,325.9,,-20.447,2740.2,,GOOD,,no RESERVOIR defined,4,1,1936.681,1936.669,36219,GOOD,95.7222,MDT,538985.3,9881735
Press_Iqual_multiwell,2543.04,CH,,-999.25,0.991235,0.991573,-999.25,-999.25,-999.25,-999.25,-999.25,-999.25,,-999.25,-999.25,,,2808.79,QG-C,-17.3657,no LAYER defined,1.7,1.7,,-16.696,2808.79,,GOOD,,no RESERVOIR defined,5,1,1981.209,1981.142,36219,GOOD,97.1111,MDT,538984.2,9881706
Press_Iqual_multiwell,2568.9,CH,FA-5,-999.25,0.991905,0.992233,1,1,-999.25,-999.25,-999.25,-999.25,GAS,-999.25,-999.25,GAS,WGSU,2841.6,QG-C,-16.215,no LAYER defined,23.1,23.1,,-15.5586,2841.6,,GOOD,OFA,no RESERVOIR defined,26,1,2003.119,2003.072,36219,GOOD,104.222,MDT,538983.6,9881693
Press_Iqual_multiwell,2569,CH,,-999.25,-999.25,-999.25,-999.25,-999.25,-999.25,-999.25,-999.25,-999.25,,-999.25,-999.25,,,-999.25,QG-C,-999.25,no LAYER defined,-999.25,-999.25,,-999.25,-999.25,,TIGHT,,no RESERVOIR defined,25,1,2003.204,2003.157,36219,TIGHT,105.667,MDT,538983.6,9881692
Press_Iqual_multiwell,2569.01,CH,,-999.25,0.992241,0.992569,-999.25,-999.25,-999.25,-999.25,-999.25,-999.25,,-999.25,-999.25,,,2842.69,QG-C,-15.5421,no LAYER defined,6.4,6.4,,-14.8858,2842.69,,GOOD,,no RESERVOIR defined,6,1,2003.213,2003.166,36219,GOOD,97.5611,MDT,538983.6,9881692
Press_Iqual_multiwell,2581.02,CH,,-999.25,0.990915,0.991228,-999.25,-999.25,-999.25,-999.25,-999.25,-999.25,,-999.25,-999.25,,,2853.27,QG-C,-18.2916,no LAYER defined,88.7,88.7,,-17.6622,2853.27,,GOOD,,no RESERVOIR defined,7,1,2013.398,2013.38,36219,GOOD,98.0556,MDT,538983.3,9881686
Press_Iqual_multiwell,2585.35,CH,FA-6,-999.25,0.991733,0.992056,-999.25,-999.25,-999.25,-999.25,1,1,OIL,-999.25,-999.25,OIL,WOI,2860.85,QG-C,-16.6756,no LAYER defined,601.8,601.8,,-16.0241,2860.85,,GOOD,OFA,no RESERVOIR defined,8,1,2017.11,2017.072,36219,GOOD,99,MDT,538983.2,9881684
Press_Iqual_multiwell,2614.68,CH,,-999.25,0.990486,0.99081,-999.25,-999.25,-999.25,-999.25,-999.25,-999.25,,-999.25,-999.25,,,2892.79,QG-C,-19.4298,no LAYER defined,75.3,75.3,,-18.7691,2892.79,,GOOD,,no RESERVOIR defined,9,1,2042.313,2042.273,36219,GOOD,99.3889,MDT,538982.5,9881669
Press_Iqual_multiwell,2648.18,CH,,-999.25,0.992421,0.992739,-999.25,-999.25,-999.25,-999.25,-999.25,-999.25,,-999.25,-999.25,,,2939.7,QG-C,-15.6996,no LAYER defined,25.1,25.1,,-15.0404,2939.7,,GOOD,,no RESERVOIR defined,10,1,2071.554,2071.525,36219,GOOD,99.7222,MDT,538981.9,9881653
Press_Iqual_multiwell,2680.36,CH,,-999.25,-999.25,-999.25,-999.25,-999.25,-999.25,-999.25,-999.25,-999.25,,-999.25,-999.25,,,-999.25,QG-C,-999.25,no LAYER defined,-999.25,-999.25,,-999.25,-999.25,,TIGHT,,no RESERVOIR defined,11,1,2099.981,2099.916,36219,TIGHT,99.6667,MDT,538981.3,9881637
Press_Iqual_multiwell,2680.7,CH,,-999.25,-999.25,-999.25,-999.25,-999.25,-999.25,-999.25,-999.25,-999.25,,-999.25,-999.25,,,-999.25,QG-C,-999.25,no LAYER defined,-999.25,-999.25,,-999.25,-999.25,,TIGHT,,no RESERVOIR defined,29,1,2100.284,2100.217,36219,TIGHT,101.5,MDT,538981.3,9881637
Press_Iqual_multiwell,2680.71,CH,,-999.25,-999.25,-999.25,-999.25,-999.25,-999.25,-999.25,-999.25,-999.25,,-999.25,-999.25,,,-999.25,QG-C,-999.25,no LAYER defined,-999.25,-999.25,,-999.25,-999.25,,TIGHT,,no RESERVOIR defined,12,1,2100.293,2100.225,36219,TIGHT,100,MDT,538981.3,9881637
Press_Iqual_multiwell,2680.81,CH,,-999.25,-999.25,-999.25,-999.25,-999.25,-999.25,-999.25,-999.25,-999.25,,-999.25,-999.25,,,-999.25,QG-C,-999.25,no LAYER defined,-999.25,-999.25,,-999.25,-999.25,,TIGHT,,no RESERVOIR defined,13,1,2100.382,2100.314,36219,TIGHT,100.389,MDT,538981.3,9881637
Press_Iqual_multiwell,2680.94,CH,,-999.25,-999.25,-999.25,-999.25,-999.25,-999.25,-999.25,-999.25,-999.25,,-999.25,-999.25,,,-999.25,QG-C,-999.25,no LAYER defined,-999.25,-999.25,,-999.25,-999.25,,TIGHT,,no RESERVOIR defined,30,1,2100.498,2100.429,36219,TIGHT,101.444,MDT,538981.3,9881637
Press_Iqual_multiwell,2721.29,CH,,-999.25,-999.25,-999.25,-999.25,-999.25,-999.25,-999.25,-999.25,-999.25,,-999.25,-999.25,,,-999.25,QG-C,-999.25,no LAYER defined,-999.25,-999.25,,-999.25,-999.25,,TIGHT,,no RESERVOIR defined,16,1,2136.394,2136.335,36219,TIGHT,101.5,MDT,538980.5,9881619
Press_Iqual_multiwell,2721.41,CH,,-999.25,-999.25,-999.25,-999.25,-999.25,-999.25,-999.25,-999.25,-999.25,,-999.25,-999.25,,,-999.25,QG-C,-999.25,no LAYER defined,-999.25,-999.25,,-999.25,-999.25,,TIGHT,,no RESERVOIR defined,15,1,2136.501,2136.443,36219,TIGHT,101.222,MDT,538980.5,9881619
Press_Iqual_multiwell,2721.5,CH,,-999.25,-999.25,-999.25,-999.25,-999.25,-999.25,-999.25,-999.25,-999.25,,-999.25,-999.25,,,-999.25,QG-C,-999.25,no LAYER defined,-999.25,-999.25,,-999.25,-999.25,,TIGHT,,no RESERVOIR defined,14,1,2136.581,2136.523,36219,TIGHT,100.722,MDT,538980.5,9881619
Press_Iqual_multiwell,2761.77,CH,,-999.25,-999.25,-999.25,-999.25,-999.25,-999.25,-999.25,-999.25,-999.25,,-999.25,-999.25,,,-999.25,QG-C,-999.25,no LAYER defined,-999.25,-999.25,,-999.25,-999.25,,TIGHT,,no RESERVOIR defined,28,1,2172.849,2172.828,36219,TIGHT,101.667,MDT,538979.8,9881601
Press_Iqual_multiwell,2761.78,CH,,-999.25,0.990662,0.990975,-999.25,-999.25,-999.25,-999.25,-999.25,-999.25,,-999.25,-999.25,,,3077.3,QG-C,-20.2911,no LAYER defined,0.2,0.2,,-19.6098,3077.3,,GOOD,,no RESERVOIR defined,17,1,2172.858,2172.837,36219,GOOD,102.772,MDT,538979.8,9881601
Press_Iqual_multiwell,2761.83,CH,,-999.25,-999.25,-999.25,-999.25,-999.25,-999.25,-999.25,-999.25,-999.25,,-999.25,-999.25,,,-999.25,QG-C,-999.25,no LAYER defined,-999.25,-999.25,,-999.25,-999.25,,TIGHT,,no RESERVOIR defined,27,1,2172.904,2172.883,36219,TIGHT,101.667,MDT,538979.8,9881601
Press_Iqual_multiwell,2761.85,CH,,-999.25,-999.25,-999.25,-999.25,-999.25,-999.25,-999.25,-999.25,-999.25,,-999.25,-999.25,,,-999.25,QG-C,-999.25,no LAYER defined,-999.25,-999.25,,-999.25,-999.25,,TIGHT,,no RESERVOIR defined,18,1,2172.922,2172.901,36219,TIGHT,102.222,MDT,538979.8,9881601
Press_Iqual_multiwell,2779,CH,,-999.25,1.00748,1.00781,-999.25,-999.25,-999.25,-999.25,-999.25,-999.25,,-999.25,-999.25,,,3151.87,QG-C,16.362,0a-0,612.4,612.4,MARKER_CONSOLIDATED_2005,17.0877,3151.87,,GOOD,,B184,19,1,2188.617,2188.568,36219,GOOD,102.339,MDT,538979.5,9881594
Press_Iqual_multiwell,2798.3,CH,,-999.25,-999.25,-999.25,-999.25,-999.25,-999.25,-999.25,-999.25,-999.25,,-999.25,-999.25,,,-999.25,QG-C,-999.25,0a-1,-999.25,-999.25,MARKER_CONSOLIDATED_2005,-999.25,-999.25,,TIGHT,,B187,21,1,2206.354,2206.32,36219,TIGHT,103.611,MDT,538979.2,9881587
Press_Iqual_multiwell,2798.44,CH,,-999.25,-999.25,-999.25,-999.25,-999.25,-999.25,-999.25,-999.25,-999.25,,-999.25,-999.25,,,-999.25,QG-C,-999.25,0a-1,-999.25,-999.25,MARKER_CONSOLIDATED_2005,-999.25,-999.25,,TIGHT,,B187,20,1,2206.484,2206.449,36219,TIGHT,103.161,MDT,538979.2,9881587
Press_Iqual_multiwell,2858.3,CH,,-999.25,-999.25,-999.25,-999.25,-999.25,-999.25,-999.25,-999.25,-999.25,,-999.25,-999.25,,,-999.25,QG-C,-999.25,1a-a-1,-999.25,-999.25,MARKER_CONSOLIDATED_2005,-999.25,-999.25,,TIGHT,,B194,22,1,2262.064,2262.009,36219,TIGHT,103.85,MDT,538978,9881564
Press_Iqual_multiwell,2858.54,CH,,-999.25,-999.25,-999.25,-999.25,-999.25,-999.25,-999.25,-999.25,-999.25,,-999.25,-999.25,,,-999.25,QG-C,-999.25,1a-a-1,-999.25,-999.25,MARKER_CONSOLIDATED_2005,-999.25,-999.25,,TIGHT,,B194,23,1,2262.287,2262.233,36219,TIGHT,104.311,MDT,538978,9881564
Press_Iqual_multiwell,3033.9,CH,FA-7,-999.25,1.03863,1.03896,1,1,-999.25,-999.25,-999.25,-999.25,GAS,-999.25,-999.25,GAS,WGSU,3604.93,QG-C,93.8559,1d-1,53.6,53.6,MARKER_CONSOLIDATED_2005,94.6529,3604.93,,GOOD,OFA,C123,24,1,2429.558,2429.536,36219,GOOD,109.061,MDT,538974.3,9881512
Press_Iqual_multiwell,3151.7,CH,,-999.25,-999.25,-999.25,-999.25,-999.25,-999.25,-999.25,-999.25,-999.25,,-999.25,-999.25,,,-999.25,QG-C,-999.25,1g-0,-999.25,-999.25,MARKER_CONSOLIDATED_2005,-999.25,-999.25,,TIGHT,,C136,1,2,2545.161,2545.145,36224,TIGHT,109.444,MDT,538971.6,9881490
Press_Iqual_multiwell,3151.8,CH,,-999.25,-999.25,-999.25,-999.25,-999.25,-999.25,-999.25,-999.25,-999.25,,-999.25,-999.25,,,-999.25,QG-C,-999.25,1g-0,-999.25,-999.25,MARKER_CONSOLIDATED_2005,-999.25,-999.25,,TIGHT,,C136,2,2,2545.26,2545.244,36224,TIGHT,110.833,MDT,538971.6,9881490
Press_Iqual_multiwell,3151.91,CH,,-999.25,-999.25,-999.25,-999.25,-999.25,-999.25,-999.25,-999.25,-999.25,,-999.25,-999.25,,,-999.25,QG-C,-999.25,1g-0,-999.25,-999.25,MARKER_CONSOLIDATED_2005,-999.25,-999.25,,TIGHT,,C136,3,2,2545.37,2545.354,36224,TIGHT,110.556,MDT,538971.6,9881490
Press_Iqual_multiwell,3226.53,CH,,-999.25,-999.25,-999.25,-999.25,-999.25,-999.25,-999.25,-999.25,-999.25,,-999.25,-999.25,,,-999.25,QG-C,-999.25,1h-0,-999.25,-999.25,MARKER_CONSOLIDATED_2005,-999.25,-999.25,,TIGHT,,C142,6,2,2619.612,2619.589,36224,TIGHT,114.444,MDT,538970.8,9881483
Press_Iqual_multiwell,3226.6,CH,,-999.25,-999.25,-999.25,-999.25,-999.25,-999.25,-999.25,-999.25,-999.25,,-999.25,-999.25,,,-999.25,QG-C,-999.25,1h-0,-999.25,-999.25,MARKER_CONSOLIDATED_2005,-999.25,-999.25,,TIGHT,,C142,4,2,2619.681,2619.659,36224,TIGHT,113.333,MDT,538970.8,9881483
Press_Iqual_multiwell,3226.69,CH,,-999.25,-999.25,-999.25,-999.25,-999.25,-999.25,-999.25,-999.25,-999.25,,-999.25,-999.25,,,-999.25,QG-C,-999.25,1h-0,-999.25,-999.25,MARKER_CONSOLIDATED_2005,-999.25,-999.25,,TIGHT,,C142,5,2,2619.771,2619.749,36224,TIGHT,114,MDT,538970.8,9881483
Press_Iqual_multiwell,3266.79,CH,,-999.25,1.01121,1.01153,-999.25,-999.25,-999.25,-999.25,-999.25,-999.25,,-999.25,-999.25,,,3841.42,QG-C,29.8162,1h-1,2.1,2.1,MARKER_CONSOLIDATED_2005,30.657,3841.42,,GOOD,,C150,7,2,2659.816,2659.802,36224,GOOD,116.183,MDT,538970.5,9881481
Press_Iqual_multiwell,3307.58,CH,,-999.25,-999.25,-999.25,-999.25,-999.25,-999.25,-999.25,-999.25,-999.25,,-999.25,-999.25,,,-999.25,QG-C,-999.25,1h-3,-999.25,-999.25,MARKER_CONSOLIDATED_2005,-999.25,-999.25,,TIGHT,,C160,10,2,2700.601,2700.588,36224,TIGHT,117.278,MDT,538970.4,9881481
Press_Iqual_multiwell,3307.61,CH,,-999.25,-999.25,-999.25,-999.25,-999.25,-999.25,-999.25,-999.25,-999.25,,-999.25,-999.25,,,-999.25,QG-C,-999.25,1h-3,-999.25,-999.25,MARKER_CONSOLIDATED_2005,-999.25,-999.25,,TIGHT,,C160,8,2,2700.631,2700.618,36224,TIGHT,116.628,MDT,538970.4,9881481
Press_Iqual_multiwell,3307.7,CH,,-999.25,-999.25,-999.25,-999.25,-999.25,-999.25,-999.25,-999.25,-999.25,,-999.25,-999.25,,,-999.25,QG-C,-999.25,1h-3,-999.25,-999.25,MARKER_CONSOLIDATED_2005,-999.25,-999.25,,TIGHT,,C160,9,2,2700.721,2700.708,36224,TIGHT,117.006,MDT,538970.4,9881481
Press_Iqual_multiwell,3336.73,CH,,-999.25,-999.25,-999.25,-999.25,-999.25,-999.25,-999.25,-999.25,-999.25,,-999.25,-999.25,,,-999.25,QG-C,-999.25,2a-0,-999.25,-999.25,MARKER_CONSOLIDATED_2005,-999.25,-999.25,,TIGHT,,C165,24,3,2729.75,2729.737,36227,TIGHT,119.333,MDT,538970.4,9881480
Press_Iqual_multiwell,3336.78,CH,,-999.25,-999.25,-999.25,-999.25,-999.25,-999.25,-999.25,-999.25,-999.25,,-999.25,-999.25,,,-999.25,QG-C,-999.25,2a-0,-999.25,-999.25,MARKER_CONSOLIDATED_2005,-999.25,-999.25,,TIGHT,,C165,23,3,2729.8,2729.787,36227,TIGHT,119.639,MDT,538970.4,9881480
Press_Iqual_multiwell,3336.91,CH,,-999.25,-999.25,-999.25,-999.25,-999.25,-999.25,-999.25,-999.25,-999.25,,-999.25,-999.25,,,-999.25,QG-C,-999.25,2a-0,-999.25,-999.25,MARKER_CONSOLIDATED_2005,-999.25,-999.25,,TIGHT,,C165,25,3,2729.93,2729.917,36227,TIGHT,119.139,MDT,538970.4,9881480
Press_Iqual_multiwell,3350.45,CH,,-999.25,1.00938,1.0097,-999.25,-999.25,-999.25,-999.25,-999.25,-999.25,,-999.25,-999.25,,,3954.64,QG-C,25.7393,2a-0,0.7,0.7,MARKER_CONSOLIDATED_2005,26.6031,3954.64,,GOOD,,D102,22,3,2743.47,2743.457,36227,GOOD,121.011,MDT,538970.4,9881480
Press_Iqual_multiwell,3350.48,CH,,-999.25,-999.25,-999.25,-999.25,-999.25,-999.25,-999.25,-999.25,-999.25,,-999.25,-999.25,,,-999.25,QG-C,-999.25,2a-0,-999.25,-999.25,MARKER_CONSOLIDATED_2005,-999.25,-999.25,,TIGHT,,D102,32,3,2743.5,2743.487,36227,TIGHT,122.211,MDT,538970.4,9881480
Press_Iqual_multiwell,3350.6,CH,,-999.25,-999.25,-999.25,-999.25,-999.25,-999.25,-999.25,-999.25,-999.25,,-999.25,-999.25,,,-999.25,QG-C,-999.25,2a-0,-999.25,-999.25,MARKER_CONSOLIDATED_2005,-999.25,-999.25,,TIGHT,,D102,33,3,2743.62,2743.607,36227,TIGHT,131.944,MDT,538970.4,9881480
Press_Iqual_multiwell,3350.9,CH,,-999.25,-999.25,-999.25,-999.25,-999.25,-999.25,-999.25,-999.25,-999.25,,-999.25,-999.25,,,-999.25,QG-C,-999.25,2a-0,-999.25,-999.25,MARKER_CONSOLIDATED_2005,-999.25,-999.25,,TIGHT,,D102,31,3,2743.92,2743.907,36227,TIGHT,123.833,MDT,538970.4,9881480
Press_Iqual_multiwell,3350.92,CH,,-999.25,-999.25,-999.25,-999.25,-999.25,-999.25,-999.25,-999.25,-999.25,,-999.25,-999.25,,,-999.25,QG-C,-999.25,2a-0,-999.25,-999.25,MARKER_CONSOLIDATED_2005,-999.25,-999.25,,TIGHT,,no RESERVOIR defined,21,3,2743.94,2743.927,36227,TIGHT,121.222,MDT,538970.4,9881480
Press_Iqual_multiwell,3366.02,CH,,-999.25,1.01874,1.01906,-999.25,-999.25,-999.25,-999.25,-999.25,-999.25,,-999.25,-999.25,,,4013.74,QG-C,51.7081,2a-1,0.4,0.4,MARKER_CONSOLIDATED_2005,52.5848,4013.74,,GOOD,,D103,1,3,2759.04,2759.027,36226,GOOD,133.778,MDT,538970.4,9881480
Press_Iqual_multiwell,3412.86,CH,,-999.25,1.06351,1.06384,-999.25,-999.25,-999.25,-999.25,-999.25,-999.25,,-999.25,-999.25,,,4260.36,QG-C,178.206,2b-1,9.6,9.6,MARKER_CONSOLIDATED_2005,179.136,4260.36,,GOOD,,D107,20,3,2805.88,2805.867,36227,GOOD,135.5,MDT,538970.4,9881480
Press_Iqual_multiwell,3567.03,CH,,-999.25,1.04146,1.04179,-999.25,-999.25,-999.25,-999.25,-999.25,-999.25,,-999.25,-999.25,,,4400.78,QG-C,122.731,2f-0,4,4,MARKER_CONSOLIDATED_2005,123.692,4400.78,,GOOD,,D138,2,3,2960.05,2960.037,36226,GOOD,132.167,MDT,538970.4,9881480
Press_Iqual_multiwell,3603.64,CH,,-999.25,-999.25,-999.25,-999.25,-999.25,-999.25,-999.25,-999.25,-999.25,,-999.25,-999.25,,,-999.25,QG-C,-999.25,2g-0,-999.25,-999.25,MARKER_CONSOLIDATED_2005,-999.25,-999.25,,TIGHT,,D142,3,3,2996.66,2996.647,36226,TIGHT,132.667,MDT,538970.4,9881480
Press_Iqual_multiwell,3603.74,CH,,-999.25,-999.25,-999.25,-999.25,-999.25,-999.25,-999.25,-999.25,-999.25,,-999.25,-999.25,,,-999.25,QG-C,-999.25,2g-0,-999.25,-999.25,MARKER_CONSOLIDATED_2005,-999.25,-999.25,,TIGHT,,D142,4,3,2996.76,2996.747,36226,TIGHT,133.444,MDT,538970.4,9881480
Press_Iqual_multiwell,3603.8,CH,,-999.25,1.02985,1.03017,-999.25,-999.25,-999.25,-999.25,-999.25,-999.25,,-999.25,-999.25,,,4405.76,QG-C,89.4612,2g-0,38.2,38.2,MARKER_CONSOLIDATED_2005,90.4229,4405.76,,GOOD,,D142,5,3,2996.82,2996.807,36226,GOOD,134,MDT,538970.4,9881480
Press_Iqual_multiwell,3712.17,CH,,-999.25,1.02848,1.0288,-999.25,-999.25,-999.25,-999.25,-999.25,-999.25,,-999.25,-999.25,,,4558.5,QG-C,88.4452,3a-1,6.4,6.4,MARKER_CONSOLIDATED_2005,89.4403,4558.5,,GOOD,,E106,6,3,3105.19,3105.177,36226,GOOD,130.944,MDT,538970.3,9881480
Press_Iqual_multiwell,3746.91,CH,FA-8,-999.25,1.01943,1.01975,1,1,-999.25,-999.25,-999.25,-999.25,GAS,-999.25,-999.25,GAS,WGSU,4568.89,QG-C,61.0078,3a-3,28.6,28.6,MARKER_CONSOLIDATED_2005,62.0053,4568.89,,GOOD,OFA,E114,30,3,3139.93,3139.917,36227,GOOD,130.25,MDT,538970.3,9881480
Press_Iqual_multiwell,3747,CH,,-999.25,1.01917,1.01949,-999.25,-999.25,-999.25,-999.25,-999.25,-999.25,,-999.25,-999.25,,,4567.86,QG-C,60.1939,3a-3,0.6,0.6,MARKER_CONSOLIDATED_2005,61.1909,4567.86,,GOOD,,E114,29,3,3140.02,3140.007,36227,GOOD,130.672,MDT,538970.3,9881480
Press_Iqual_multiwell,3747.04,CH,,-999.25,1.01943,1.01974,-999.25,-999.25,-999.25,-999.25,-999.25,-999.25,,-999.25,-999.25,,,4569.06,QG-C,60.9973,3a-3,6.9,6.9,MARKER_CONSOLIDATED_2005,61.9947,4569.06,,GOOD,,E114,7,3,3140.06,3140.047,36226,GOOD,131.056,MDT,538970.3,9881480
Press_Iqual_multiwell,3920.5,CH,,-999.25,-999.25,-999.25,-999.25,-999.25,-999.25,-999.25,-999.25,-999.25,,-999.25,-999.25,,,-999.25,QG-C,-999.25,3g-1,-999.25,-999.25,MARKER_CONSOLIDATED_2005,-999.25,-999.25,,TIGHT,,F100,8,3,3313.52,3313.507,36226,TIGHT,128.15,MDT,538970.3,9881480
Press_Iqual_multiwell,3920.5,CH,,-999.25,1.04699,1.04732,-999.25,-999.25,-999.25,-999.25,-999.25,-999.25,,-999.25,-999.25,,,4950.61,QG-C,155.711,3g-1,-999.25,-999.25,MARKER_CONSOLIDATED_2005,156.792,4950.61,,NOT STABILIZED,,F100,26,3,3313.52,3313.507,36227,NOT STABILIZED,-999.25,MDT,538970.3,9881480
Press_Iqual_multiwell,3920.71,CH,,-999.25,1.12056,1.12091,-999.25,-999.25,-999.25,-999.25,-999.25,-999.25,,-999.25,-999.25,,,5297.77,QG-C,399.504,3g-1,0,0,MARKER_CONSOLIDATED_2005,400.66,5297.77,,GOOD,,F100,9,3,3313.729,3313.717,36226,GOOD,129.889,MDT,538970.3,9881480
Press_Iqual_multiwell,3920.74,CH,FA-9,-999.25,1.04779,1.04812,-999.25,-999.25,-999.25,-999.25,-999.25,-999.25,WATER,1,1,WATER,WWAT,4954.74,QG-C,158.374,3g-1,4.6,4.6,MARKER_CONSOLIDATED_2005,159.456,4954.74,,GOOD,OFA,F100,27,3,3313.76,3313.747,36227,GOOD,130.972,MDT,538970.3,9881480
Press_Iqual_multiwell,4051,CH,,-999.25,1.09342,1.09376,-999.25,-999.25,-999.25,-999.25,-999.25,-999.25,,-999.25,-999.25,,,5372.52,QG-C,321.753,4d-0,1.9,1.9,MARKER_CONSOLIDATED_2005,322.925,5372.52,,GOOD,,no RESERVOIR defined,10,3,3444.02,3444.007,36226,GOOD,132.733,MDT,538970.3,9881480
Press_Iqual_multiwell,4067.5,CH,FA-10,-999.25,1.09637,1.09671,-999.25,-999.25,-999.25,-999.25,-999.25,-999.25,WATER,1,1,WATER,WWAT,5412.68,QG-C,333.479,4d-1,12.7,12.7,MARKER_CONSOLIDATED_2005,334.66,5412.68,,GOOD,OFA,no RESERVOIR defined,28,3,3460.52,3460.507,36227,GOOD,133.606,MDT,538970.3,9881480
Press_Iqual_multiwell,4067.51,CH,,-999.25,1.09621,1.09655,-999.25,-999.25,-999.25,-999.25,-999.25,-999.25,,-999.25,-999.25,,,5411.94,QG-C,332.949,4d-1,-999.25,-999.25,MARKER_CONSOLIDATED_2005,334.13,5411.94,,NOT STABILIZED,,no RESERVOIR defined,11,3,3460.53,3460.517,36226,NOT STABILIZED,133,MDT,538970.3,9881480
Press_Iqual_multiwell,4067.64,CH,,-999.25,1.0964,1.09674,-999.25,-999.25,-999.25,-999.25,-999.25,-999.25,,-999.25,-999.25,,,5413.04,QG-C,333.592,4d-1,4.8,4.8,MARKER_CONSOLIDATED_2005,334.773,5413.04,,GOOD,,no RESERVOIR defined,12,3,3460.66,3460.647,36226,GOOD,133.639,MDT,538970.3,9881480
Press_Iqual_multiwell,4109.24,CH,,-999.25,1.08035,1.08069,-999.25,-999.25,-999.25,-999.25,-999.25,-999.25,,-999.25,-999.25,,,5397.99,QG-C,281.414,4f-1,8.2,8.2,MARKER_CONSOLIDATED_2005,282.592,5397.99,,GOOD,,no RESERVOIR defined,19,3,3502.26,3502.247,36227,GOOD,135.417,MDT,538970.3,9881480
Press_Iqual_multiwell,4131.64,CH,,-999.25,-999.25,-999.25,-999.25,-999.25,-999.25,-999.25,-999.25,-999.25,,-999.25,-999.25,,,-999.25,QG-C,-999.25,4g-0,-999.25,-999.25,MARKER_CONSOLIDATED_2005,-999.25,-999.25,,TIGHT,,F136,15,3,3524.66,3524.647,36227,TIGHT,134.217,MDT,538970.3,9881480
Press_Iqual_multiwell,4131.66,CH,,-999.25,-999.25,-999.25,-999.25,-999.25,-999.25,-999.25,-999.25,-999.25,,-999.25,-999.25,,,-999.25,QG-C,-999.25,4g-0,-999.25,-999.25,MARKER_CONSOLIDATED_2005,-999.25,-999.25,,TIGHT,,F136,14,3,3524.68,3524.667,36227,TIGHT,134.017,MDT,538970.3,9881480
Press_Iqual_multiwell,4131.82,CH,,-999.25,-999.25,-999.25,-999.25,-999.25,-999.25,-999.25,-999.25,-999.25,,-999.25,-999.25,,,-999.25,QG-C,-999.25,4g-0,-999.25,-999.25,MARKER_CONSOLIDATED_2005,-999.25,-999.25,,TIGHT,,F136,13,3,3524.84,3524.827,36226,TIGHT,133.689,MDT,538970.3,9881480
Press_Iqual_multiwell,4149.72,CH,,-999.25,1.0204,1.02072,-999.25,-999.25,-999.25,-999.25,-999.25,-999.25,,-999.25,-999.25,,,5158.04,QG-C,72.2844,4h-0,0.2,0.2,MARKER_CONSOLIDATED_2005,73.4099,5158.04,,GOOD,,no RESERVOIR defined,18,3,3542.74,3542.727,36227,GOOD,135.222,MDT,538970.3,9881480
Press_Iqual_multiwell,4149.83,CH,,-999.25,-999.25,-999.25,-999.25,-999.25,-999.25,-999.25,-999.25,-999.25,,-999.25,-999.25,,,-999.25,QG-C,-999.25,4h-0,-999.25,-999.25,MARKER_CONSOLIDATED_2005,-999.25,-999.25,,TIGHT,,no RESERVOIR defined,16,3,3542.85,3542.837,36227,TIGHT,134.35,MDT,538970.3,9881480
Press_Iqual_multiwell,4149.83,CH,,-999.25,-999.25,-999.25,-999.25,-999.25,-999.25,-999.25,-999.25,-999.25,,-999.25,-999.25,,,-999.25,QG-C,-999.25,4h-0,-999.25,-999.25,MARKER_CONSOLIDATED_2005,-999.25,-999.25,,TIGHT,,no RESERVOIR defined,17,3,3542.85,3542.837,36227,TIGHT,134.422,MDT,538970.3,9881480
